1,Anna Renata,,annarenata@example.com,,,2023-04-11,2023-04-11
2,Cilmara,,cilmara@example.com,,,2023-04-11,2023-04-11
3,Divani,,divani@example.com,,,2023-04-11,2023-04-11
4,Érica,,erica@example.com,,,2023-04-11,2023-04-11
5,Francisco,,francisco@example.com,,,2023-04-11,2023-04-11
6,Jean,,jean@example.com,,,2023-04-11,2023-04-11
7,José Geraldo,,josegeraldo@example.com,,,2023-04-11,2023-04-11
8,Luis Felipe,,luisfelipe@example.com,,,2023-04-11,2023-04-11
9,Luiz Evangelista,,luizevangelista@example.com,,,2023-04-11,2023-04-11
10,Manuela,,manuela@example.com,,,2023-04-11,2023-04-11
11,Marcos Allan,,marcosallan@example.com,,,2023-04-11,2023-04-11
12,Michel,,michel@example.com,,,2023-04-11,2023-04-11
13,Pedro Jacob,,pedrojacob@example.com,,,2023-04-11,2023-04-11
14,Ronaldo,,ronaldo@example.com,,,2023-04-11,2023-04-11
15,Wagner,,wagner@example.com,,,2023-04-11,2023-04-11
16,Zanetti,,zanetti@example.com,,,2023-04-11,2023-04-11